movieId,title
1,The Quantum Paradox
2,Echoes of Tomorrow
3,Crimson Tide Rising
4,Beneath the Sapphire Sky
5,Whispers of the Forgotten
6,The Serpent's Kiss
7,Starlight Symphony
8,Ironclad Redemption
9,Dance of the Phoenix
10,Shadows of the Colossus
11,The Alchemist's Legacy
12,Beyond the Velvet Veil
13,Rogue Planet Genesis
14,The Silent Cartographer
15,Embers of the Fallen Crown
16,Chromatic Convergence
17,The Obsidian Mirror
18,Voyage to the Celestial Isles
19,Fractured Dimensions
20,The Last Ronin's Path
21,Neon City Nights
22,Guardians of the Azure Flame
23,The Clockwork Heart
24,Sands of Eternity
25,The Crimson Navigator
26,Spectral Resonance
27,The Emerald Enigma
28,Battle for Zenith Prime
29,The Whispering Labyrinth
30,Starfall Requiem
31,The Gilded Cage
32,Echoes of the Deep
33,The Frozen Frontier
34,Legacy of the Dragon's Eye
35,The Scarlet Citadel
36,Astral Odyssey
37,The Stone Prophet
38,Beneath the Crimson Moon
39,The Crystal Shard
40,Veil of Shadows
41,The Iron Templar's Vow
42,Symphony of the Stars
43,The Lost Colony
44,Riders of the Storm
45,The Golden Compass
46,Heart of the Tempest
47,The Silver Serpent
48,Chronicles of the Forgotten Realm
49,The Midnight Bloom
50,Edge of the Abyss
51,The Raven's Flight
52,Guardians of the Galactic Core
53,The Frozen Throne
54,Echoes of the Ancients
55,The Shadow Syndicate
56,Beneath the Burning Sands
57,The Celestial Forge
58,Legacy of the Starborn
59,The Crimson Conquest
60,Whispers of the Void
61,The Sapphire Crown
62,Astral Convergence
63,The Obsidian Heart
64,Voyage to the Hidden Galaxy
65,Fractured Timelines
66,The Last Samurai's Honor
67,Neon Genesis
68,Guardians of the Astral Gate
69,The Clockwork City
70,Sands of Destiny
71,The Crimson Tide
72,Spectral Echoes
73,The Emerald City
74,Battle for Terra Nova
75,The Whispering Woods
76,Starfall Sonata
77,The Gilded Throne
78,Echoes of the Tides
79,The Frozen Wasteland
80,Legacy of the Dragon's Claw
81,The Scarlet Empire
82,Astral Descent
83,The Stone Guardian
84,Beneath the Crimson Sky
85,The Crystal Key
86,Veil of Illusions
87,The Iron Legion's March
88,Symphony of the Spheres
89,The Lost Expedition
90,Riders of the Void
91,The Golden Idol
92,Heart of the Storm
93,The Silver Shadow
94,Chronicles of the Hidden City
95,The Midnight Sun
96,Edge of the Horizon
97,The Raven's Call
98,Guardians of the Cosmic Rift
99,The Frozen Peak
100,Echoes of the Cosmos

